<?xml version="1.0" encoding="UTF-8"?>
<project-private xmlns="http://www.netbeans.org/ns/project-private/1">
    <editor-bookmarks xmlns="http://www.netbeans.org/ns/editor-bookmarks/2" lastBookmarkId="0"/>
    <open-files xmlns="http://www.netbeans.org/ns/projectui-open-files/2">
        <group>
            <file>file:/C:/xampp/htdocs/veterinarymanagementsystem/view/add_appointment.php</file>
            <file>file:/C:/xampp/htdocs/veterinarymanagementsystem/model/customer_model.php</file>
            <file>file:/C:/xampp/htdocs/veterinarymanagementsystem/controller/vaccination_treatment_controller.php</file>
            <file>file:/C:/xampp/htdocs/veterinarymanagementsystem/model/product_model.php</file>
            <file>file:/C:/xampp/htdocs/veterinarymanagementsystem/view/give_treatment.php</file>
            <file>file:/C:/xampp/htdocs/veterinarymanagementsystem/view/return_stock.php</file>
            <file>file:/C:/xampp/htdocs/veterinarymanagementsystem/view/view_given_treatments.php</file>
            <file>file:/C:/xampp/htdocs/veterinarymanagementsystem/model/supplier_model.php</file>
            <file>file:/C:/xampp/htdocs/veterinarymanagementsystem/view/generate_customer_report.php</file>
            <file>file:/C:/xampp/htdocs/veterinarymanagementsystem/view/products.php</file>
            <file>file:/C:/xampp/htdocs/veterinarymanagementsystem/includes/veterinarian_include.php</file>
            <file>file:/C:/xampp/htdocs/veterinarymanagementsystem/view/categories_brands.php</file>
            <file>file:/C:/xampp/htdocs/veterinarymanagementsystem/view/add_supplier.php</file>
            <file>file:/C:/xampp/htdocs/veterinarymanagementsystem/view/add_customer.php</file>
            <file>file:/C:/xampp/htdocs/veterinarymanagementsystem/model/appointment_model.php</file>
            <file>file:/C:/xampp/htdocs/veterinarymanagementsystem/controller/supplier_controller.php</file>
            <file>file:/C:/xampp/htdocs/veterinarymanagementsystem/view/view_customer_complaints.php</file>
            <file>file:/C:/xampp/htdocs/veterinarymanagementsystem/includes/stock_include.php</file>
            <file>file:/C:/xampp/htdocs/veterinarymanagementsystem/model/brand_model.php</file>
            <file>file:/C:/xampp/htdocs/veterinarymanagementsystem/controller/product_controller.php</file>
            <file>file:/C:/xampp/htdocs/veterinarymanagementsystem/commons/PHPMailer/PHPMailerAutoload.php</file>
            <file>file:/C:/xampp/htdocs/veterinarymanagementsystem/view/view_return_stock.php</file>
            <file>file:/C:/xampp/htdocs/veterinarymanagementsystem/controller/purchase_order_controller.php</file>
            <file>file:/C:/xampp/htdocs/veterinarymanagementsystem/view/add_product.php</file>
            <file>file:/C:/xampp/htdocs/veterinarymanagementsystem/controller/manage_vaccine_controller.php</file>
            <file>file:/C:/xampp/htdocs/veterinarymanagementsystem/view/add_vet.php</file>
            <file>file:/C:/xampp/htdocs/veterinarymanagementsystem/includes/notification_navigation.php</file>
            <file>file:/C:/xampp/htdocs/veterinarymanagementsystem/view/generate_patient_report.php</file>
            <file>file:/C:/xampp/htdocs/veterinarymanagementsystem/view/generate_requisition_note.php</file>
            <file>file:/C:/xampp/htdocs/veterinarymanagementsystem/view/dashboard.php</file>
            <file>file:/C:/xampp/htdocs/veterinarymanagementsystem/view/view_customers.php</file>
            <file>file:/C:/xampp/htdocs/veterinarymanagementsystem/includes/header_navigation.php</file>
            <file>file:/C:/xampp/htdocs/veterinarymanagementsystem/model/notification_model.php</file>
            <file>file:/C:/xampp/htdocs/veterinarymanagementsystem/view/supplier.php</file>
            <file>file:/C:/xampp/htdocs/veterinarymanagementsystem/view/view_products.php</file>
            <file>file:/C:/xampp/htdocs/veterinarymanagementsystem/model/manage_vaccine_model.php</file>
            <file>file:/C:/xampp/htdocs/veterinarymanagementsystem/view/edit_patient.php</file>
            <file>file:/C:/xampp/htdocs/veterinarymanagementsystem/CSS/style.css</file>
            <file>file:/C:/xampp/htdocs/veterinarymanagementsystem/view/add_purchase_order.php</file>
            <file>file:/C:/xampp/htdocs/veterinarymanagementsystem/JS/appointment_validation.js</file>
            <file>file:/C:/xampp/htdocs/veterinarymanagementsystem/model/user_model.php</file>
            <file>file:/C:/xampp/htdocs/veterinarymanagementsystem/commons/PHPMailer/class.smtp.php</file>
            <file>file:/C:/xampp/htdocs/veterinarymanagementsystem/model/patient_model.php</file>
            <file>file:/C:/xampp/htdocs/veterinarymanagementsystem/controller/login_controller.php</file>
            <file>file:/C:/xampp/htdocs/veterinarymanagementsystem/view/generate_po_report.php</file>
            <file>file:/C:/xampp/htdocs/veterinarymanagementsystem/includes/customer_include.php</file>
            <file>file:/C:/xampp/htdocs/veterinarymanagementsystem/view/edit_customer.php</file>
            <file>file:/C:/xampp/htdocs/veterinarymanagementsystem/view/view_patient.php</file>
            <file>file:/C:/xampp/htdocs/veterinarymanagementsystem/view/purchase.php</file>
            <file>file:/C:/xampp/htdocs/veterinarymanagementsystem/view/view_vets.php</file>
            <file>file:/C:/xampp/htdocs/veterinarymanagementsystem/view/user.php</file>
            <file>file:/C:/xampp/htdocs/veterinarymanagementsystem/view/customer.php</file>
            <file>file:/C:/xampp/htdocs/veterinarymanagementsystem/view/view_suppliers.php</file>
            <file>file:/C:/xampp/htdocs/veterinarymanagementsystem/JS/productvalidation.js</file>
            <file>file:/C:/xampp/htdocs/veterinarymanagementsystem/includes/supplier_include.php</file>
            <file>file:/C:/xampp/htdocs/veterinarymanagementsystem/view/appointment.php</file>
            <file>file:/C:/xampp/htdocs/veterinarymanagementsystem/model/vaccination_model.php</file>
            <file>file:/C:/xampp/htdocs/veterinarymanagementsystem/model/vaccine_stock_model.php</file>
            <file>file:/C:/xampp/htdocs/veterinarymanagementsystem/model/treatment_model.php</file>
            <file>file:/C:/xampp/htdocs/veterinarymanagementsystem/view/view_vet.php</file>
            <file>file:/C:/xampp/htdocs/veterinarymanagementsystem/view/view_patients.php</file>
            <file>file:/C:/xampp/htdocs/veterinarymanagementsystem/view/generate_vaccine_report.php</file>
            <file>file:/C:/xampp/htdocs/veterinarymanagementsystem/model/purchase_order_model.php</file>
            <file>file:/C:/xampp/htdocs/veterinarymanagementsystem/includes/vaccine_treatment_include.php</file>
            <file>file:/C:/xampp/htdocs/veterinarymanagementsystem/view/view_appointments.php</file>
            <file>file:/C:/xampp/htdocs/veterinarymanagementsystem/model/veterinarian_model.php</file>
            <file>file:/C:/xampp/htdocs/veterinarymanagementsystem/view/view_supplier.php</file>
            <file>file:/C:/xampp/htdocs/veterinarymanagementsystem/view/edit_supplier.php</file>
            <file>file:/C:/xampp/htdocs/veterinarymanagementsystem/view/vaccination_treatment.php</file>
            <file>file:/C:/xampp/htdocs/veterinarymanagementsystem/view/product_analysis.php</file>
            <file>file:/C:/xampp/htdocs/veterinarymanagementsystem/controller/schedule_controller.php</file>
            <file>file:/C:/xampp/htdocs/veterinarymanagementsystem/model/stock_model.php</file>
            <file>file:/C:/xampp/htdocs/veterinarymanagementsystem/view/veterinarian.php</file>
            <file>file:/C:/xampp/htdocs/veterinarymanagementsystem/commons/dbconnection.php</file>
            <file>file:/C:/xampp/htdocs/veterinarymanagementsystem/index.php</file>
            <file>file:/C:/xampp/htdocs/veterinarymanagementsystem/model/schedule_model.php</file>
            <file>file:/C:/xampp/htdocs/veterinarymanagementsystem/view/view_stock.php</file>
            <file>file:/C:/xampp/htdocs/veterinarymanagementsystem/model/category_model.php</file>
            <file>file:/C:/xampp/htdocs/veterinarymanagementsystem/includes/appointment_include.php</file>
            <file>file:/C:/xampp/htdocs/veterinarymanagementsystem/view/add_request_note.php</file>
            <file>file:/C:/xampp/htdocs/veterinarymanagementsystem/includes/product_include.php</file>
            <file>file:/C:/xampp/htdocs/veterinarymanagementsystem/JS/purchase_validation.js</file>
            <file>file:/C:/xampp/htdocs/veterinarymanagementsystem/controller/purchase_controller.php</file>
            <file>file:/C:/xampp/htdocs/veterinarymanagementsystem/includes/purchase_include.php</file>
            <file>file:/C:/xampp/htdocs/veterinarymanagementsystem/model/purchase_model.php</file>
            <file>file:/C:/xampp/htdocs/veterinarymanagementsystem/view/add_stock.php</file>
            <file>file:/C:/xampp/htdocs/veterinarymanagementsystem/view/patient.php</file>
            <file>file:/C:/xampp/htdocs/veterinarymanagementsystem/JS/patient_validation.js</file>
            <file>file:/C:/xampp/htdocs/veterinarymanagementsystem/view/calendar.php</file>
            <file>file:/C:/xampp/htdocs/veterinarymanagementsystem/includes/email_includes.php</file>
            <file>file:/C:/xampp/htdocs/veterinarymanagementsystem/includes/patient_include.php</file>
            <file>file:/C:/xampp/htdocs/veterinarymanagementsystem/controller/veterinarian_controller.php</file>
            <file>file:/C:/xampp/htdocs/veterinarymanagementsystem/view/view_request_note.php</file>
            <file>file:/C:/xampp/htdocs/veterinarymanagementsystem/controller/appointment_controller.php</file>
            <file>file:/C:/xampp/htdocs/veterinarymanagementsystem/view/view_users.php</file>
            <file>file:/C:/xampp/htdocs/veterinarymanagementsystem/view/give_vaccine.php</file>
            <file>file:/C:/xampp/htdocs/veterinarymanagementsystem/view/view_given_vaccines.php</file>
            <file>file:/C:/xampp/htdocs/veterinarymanagementsystem/view/view_purchase_orders.php</file>
            <file>file:/C:/xampp/htdocs/veterinarymanagementsystem/view/add_patient.php</file>
            <file>file:/C:/xampp/htdocs/veterinarymanagementsystem/view/manage_vaccine.php</file>
            <file>file:/C:/xampp/htdocs/veterinarymanagementsystem/view/edit_vet.php</file>
            <file>file:/C:/xampp/htdocs/veterinarymanagementsystem/view/view_vet_schedule.php</file>
            <file>file:/C:/xampp/htdocs/veterinarymanagementsystem/view/stock.php</file>
            <file>file:/C:/xampp/htdocs/veterinarymanagementsystem/view/add_user.php</file>
            <file>file:/C:/xampp/htdocs/veterinarymanagementsystem/view/generate_stock_report.php</file>
            <file>file:/C:/xampp/htdocs/veterinarymanagementsystem/controller/customer_controller.php</file>
            <file>file:/C:/xampp/htdocs/veterinarymanagementsystem/controller/patient_controller.php</file>
            <file>file:/C:/xampp/htdocs/veterinarymanagementsystem/view/view_customer.php</file>
        </group>
    </open-files>
</project-private>
